Workbook

Sheet 说明
A1: 软件项目供应商评审评分表
A3: 适用说明
A4: 本文件为正式商务风供应商评审评分表模板，适用于软件项目供应商比选场景。
A5: 当前方案：方案一：技术优先型。已将除价格外的技术商务项拆解为可独立评分的细项，便于评委逐条打分。
A6: 建议流程：先完成资格审查，再逐条录入技术商务分值，价格项按公式自动折算，最后查看汇总排名。
A8: 使用方法
A9: 1. 在“资格审查”页录入各供应商是否通过。
A10: 2. 在评分页逐条填写各供应商原始分，每个细项分值不应超过该行分值。
A11: 3. 在价格区录入各供应商有效报价，价格得分将自动计算。
A12: 4. 在“汇总排名”页查看总分与排序结果。

Sheet 资格审查
A1: 序号 | B1: 资格审查项 | C1: 审查说明 | D1: 供应商A | E1: 供应商B | F1: 供应商C
A2: 1 | B2: 供应商为依法设立并有效存续的法人或其他组织。 | C2: 任一关键资格项不满足时，原则上不进入详细评分。
A3: 2 | B3: 具备承担本项目所需的人员、技术和服务能力。 | C3: 任一关键资格项不满足时，原则上不进入详细评分。
A4: 3 | B4: 能够开具合法合规发票。 | C4: 任一关键资格项不满足时，原则上不进入详细评分。
A5: 4 | B5: 近三年无重大违法、失信或严重违约记录。 | C5: 任一关键资格项不满足时，原则上不进入详细评分。
A6: 5 | B6: 接受采购文件或合同关键商务条款。 | C6: 任一关键资格项不满足时，原则上不进入详细评分。
A7: 6 | B7: 满足项目最低响应时效或驻场要求。 | C7: 任一关键资格项不满足时，原则上不进入详细评分。
A8: 7 | B8: 满足项目最低团队配置要求。 | C8: 任一关键资格项不满足时，原则上不进入详细评分。
A9: 8 | B9: 提供的案例、资质、承诺材料真实有效。 | C9: 任一关键资格项不满足时，原则上不进入详细评分。

Sheet 定制开发评分
A1: 评审大项 | B1: 评审子项 | C1: 评分点 | D1: 分值 | E1: 评分标准 | F1: 供应商A原始分 | G1: 供应商B原始分 | H1: 供应商C原始分 | I1: 备注/评分依据 | K1: 供应商A有效报价 | L1: 供应商B有效报价 | M1: 供应商C有效报价
A2: 项目理解与方案设计 | B2: 需求理解准确性 | C2: 对建设目标、核心需求、业务场景理解准确 | D2: 3 | E2: 能够准确理解项目背景、业务目标、核心场景和建设范围，表述完整、针对性强得3分；理解基本到位但展开一般得1-2分；理解偏差明显得0分。 | K2: 100 | L2: 120 | M2: 110
B3: 业务匹配度 | C3: 方案与采购需求及业务流程匹配程度 | D3: 3 | E3: 方案与业务流程、管理要求、实际应用场景匹配度高得3分；基本匹配得1-2分；匹配度弱得0分。
B4: 边界与范围清晰度 | C4: 项目范围、职责边界、交付边界表述清楚 | D4: 2 | E4: 对建设范围、职责边界、交付边界说明清晰明确得2分；表述较模糊得1分；未说明清楚得0分。
B5: 架构设计完整性 | C5: 总体架构、模块关系、部署思路完整 | D5: 3 | E5: 总体架构完整、模块关系清楚、部署思路明确得3分；基本完整得1-2分；缺失较多得0分。
B6: 功能方案完整性 | C6: 功能设计覆盖主要需求和关键场景 | D6: 3 | E6: 功能方案覆盖全面、关键场景体现充分得3分；覆盖一般得1-2分；明显缺失得0分。
B7: 接口与数据方案 | C7: 接口衔接、数据处理、集成思路合理 | D7: 2 | E7: 接口集成和数据处理方案合理、表述清楚得2分；一般得1分；缺乏清晰方案得0分。
B8: 安全与可实施性 | C8: 安全控制和落地实施路径具备可行性 | D8: 2 | E8: 具备明确安全控制和实施路径、可执行性强得2分；一般得1分；可实施性不足得0分。
B9: 关键难点识别 | C9: 对重点难点和风险点识别充分 | D9: 3 | E9: 能够识别关键难点和项目风险，判断准确得3分；识别一般得1-2分；未有效识别得0分。
B10: 应对措施针对性 | C10: 针对难点提出具体可行措施 | D10: 2 | E10: 措施具体、针对性强、具备可执行性得2分；措施一般得1分；措施空泛得0分。
B11: 风险控制闭环 | C11: 风险预防、监控、应急安排完整 | D11: 2 | E11: 形成较完整风险控制闭环得2分；基本具备得1分；缺失明显得0分。
A12: 团队与实施能力 | B12: 项目经理配置 | C12: 项目经理资历、经验与项目匹配 | D12: 3 | E12: 项目经理经验丰富、履历与项目高度匹配得3分；基本匹配得1-2分；匹配度低得0分。
B13: 核心岗位完整性 | C13: 产品、设计、开发、测试、实施岗位齐备 | D13: 3 | E13: 核心岗位配置完整、职责清晰得3分；基本完整得1-2分；岗位缺失明显得0分。
B14: 核心成员匹配度 | C14: 核心成员经验与项目要求匹配 | D14: 2 | E14: 成员经验与项目高度匹配得2分；基本匹配得1分；匹配不足得0分。
B15: 阶段计划完整性 | C15: 实施阶段、任务安排、里程碑完整 | D15: 3 | E15: 阶段计划完整、节点明确、里程碑清楚得3分；一般得1-2分；计划粗略得0分。
B16: 进度可控性 | C16: 进度控制措施和资源调度安排合理 | D16: 3 | E16: 具备清晰进度控制和资源调度安排得3分；一般得1-2分；控制能力弱得0分。
B17: 交付物明确性 | C17: 各阶段交付成果定义清晰 | D17: 2 | E17: 交付物清单明确、成果形式清楚得2分；一般得1分；不明确得0分。
B18: 驻场安排 | C18: 驻场人员与时间安排明确 | D18: 3 | E18: 驻场安排明确、投入合理、能满足项目协同需要得3分；一般得1-2分；安排较弱得0分。
B19: 现场协同机制 | C19: 现场协同、接口人和沟通机制明确 | D19: 2 | E19: 现场协同机制完整、接口人明确得2分；一般得1分；机制不清晰得0分。
B20: 到场保障能力 | C20: 到场时效和现场支持能力可靠 | D20: 2 | E20: 具备明确到场时效和现场支持承诺得2分；一般得1分；保障不足得0分。
A21: 项目经验与资质 | B21: 案例数量与相关性 | C21: 类似项目案例数量充分且相关性高 | D21: 4 | E21: 案例数量充分、与本项目行业或建设内容高度相关得4分；一般得1-3分；较少得0分。
B22: 案例证明完整性 | C22: 案例合同、验收或用户证明材料充分 | D22: 2 | E22: 证明材料充分、可验证性强得2分；一般得1分；支撑不足得0分。
B23: 企业专业资质 | C23: 具备相关认证、软著、专利等专业证明 | D23: 3 | E23: 资质、认证、软著、专利等与项目关联度高且证明充分得3分；一般得1-2分；较弱得0分。
B24: 专业能力支撑度 | C24: 企业能力证明对项目形成直接支撑 | D24: 2 | E24: 专业能力对项目支撑明显得2分；一般得1分；支撑不足得0分。
A25: 服务与响应 | B25: 日常沟通机制 | C25: 例会、日报周报、接口人机制明确 | D25: 2 | E25: 沟通机制明确、安排规范得2分；一般得1分；不清晰得0分。
B26: 问题响应时效 | C26: 问题受理和响应承诺明确 | D26: 1 | E26: 问题响应时效承诺清晰得1分；无明确承诺得0分。
B27: 升级处理机制 | C27: 问题升级路径和闭环措施明确 | D27: 1 | E27: 问题升级机制和闭环措施明确得1分；不清晰得0分。
B28: 质保范围明确性 | C28: 售后质保内容和边界表述清晰 | D28: 1 | E28: 质保内容和边界清晰得1分；不清晰得0分。
B29: 售后支持措施 | C29: 售后支持、培训交接和维护安排合理 | D29: 2 | E29: 售后支持、培训、交接安排较完整得2分；一般得1分；较弱得0分。
A30: 商务与文件质量 | B30: 材料完整性 | C30: 资质、方案、报价、计划等材料齐全 | D30: 2 | E30: 应答材料齐全完整得2分；基本齐全得1分；缺漏较多得0分。
B31: 文件规范性 | C31: 文本格式、编排、逻辑和用语规范 | D31: 4 | E31: 文件格式规范、表达正式、逻辑清楚得4分；本项已并入其他细项，不单独计分。
B32: 内容清晰度 | C32: 内容组织清楚、便于评审查阅 | D32: 1 | E32: 内容清楚、检索方便得1分；一般或较弱得0分。
B33: 商务响应明确性 | C33: 对关键商务条款、服务承诺响应清晰 | D33: 1 | E33: 商务响应和承诺清晰明确得1分；一般或不清晰得0分。
A34: 价格评分 | B34: 报价得分 | C34: 最低价折算法自动计分 | D34: 30 | E34: 价格部分采用公式法客观计分。最低有效报价者得满分30分，其他供应商按“最低有效报价/本供应商有效报价×30”自动折算。 | F34: =IFERROR(MIN($K$2:$M$2)/K2*30,0) -> 30 | G34: =IFERROR(MIN($K$2:$M$2)/L2*30,0) -> 25 | H34: =IFERROR(MIN($K$2:$M$2)/M2*30,0) -> 27.272727
A35: 合计 | D35: 100 | F35: =SUM(F2:F34) -> 30 | G35: =SUM(G2:G34) -> 25 | H35: =SUM(H2:H34) -> 27.272727

Sheet 驻场运维评分
A1: 评审大项 | B1: 评审子项 | C1: 评分点 | D1: 分值 | E1: 评分标准 | F1: 供应商A原始分 | G1: 供应商B原始分 | H1: 供应商C原始分 | I1: 备注/评分依据 | K1: 供应商A有效报价 | L1: 供应商B有效报价 | M1: 供应商C有效报价
A2: 服务方案与理解 | B2: 服务范围理解 | C2: 对驻场、维护、升级、支持范围理解准确 | D2: 3 | E2: 对服务范围理解准确、覆盖全面得3分；基本理解得1-2分；理解偏差得0分。 | K2: 100 | L2: 120 | M2: 110
A3: 服务方案与理解 | B3: 服务边界清晰度 | C3: 职责边界、支持边界、交付边界清楚 | D3: 2 | E3: 边界界定清晰得2分；一般得1分；不清晰得0分。
A4: 服务方案与理解 | B4: 服务目标匹配度 | C4: 服务安排与采购目标匹配程度高 | D4: 3 | E4: 与采购目标和管理要求高度匹配得3分；一般得1-2分；匹配不足得0分。
A5: 服务方案与理解 | B5: 服务流程完整性 | C5: 服务受理、处理、关闭流程完整 | D5: 3 | E5: 流程完整清楚得3分；一般得1-2分；流程缺失得0分。
A6: 服务方案与理解 | B6: 交接与报告机制 | C6: 交接、周报月报和服务报告安排清晰 | D6: 3 | E6: 交接与报告机制明确得3分；一般得1-2分；不清晰得0分。
A7: 服务方案与理解 | B7: 方案执行性 | C7: 整体服务方案具备较强可执行性 | D7: 4 | E7: 职责明确、路径清楚、具备实施条件得4分；一般得1-3分；执行性弱得0分。
A8: 驻场与响应能力 | B8: 驻场人数配置 | C8: 驻场人数满足项目服务需要 | D8: 3 | E8: 驻场人数投入充分得3分；基本满足得1-2分；不足得0分。
A9: 驻场与响应能力 | B9: 岗位结构完整性 | C9: 驻场岗位配置合理、关键岗位齐备 | D9: 3 | E9: 岗位结构完整、关键岗位齐备得3分；一般得1-2分；不完整得0分。
A10: 驻场与响应能力 | B10: 人员稳定性 | C10: 驻场人员稳定性和延续性保障到位 | D10: 2 | E10: 稳定性保障充分得2分；一般得1分；较弱得0分。
A11: 驻场与响应能力 | B11: 替补机制 | C11: 替补或备份人员机制明确 | D11: 2 | E11: 替补机制清晰得2分；一般得1分；无明确机制得0分。
A12: 驻场与响应能力 | B12: 响应时效承诺 | C12: 远程和现场响应时效明确 | D12: 4 | E12: 响应时效承诺清晰且较优得4分；一般得1-3分；不明确得0分。
A13: 驻场与响应能力 | B13: 问题处置能力 | C13: 故障处理、问题闭环能力较强 | D13: 3 | E13: 问题处置机制成熟得3分；一般得1-2分；较弱得0分。
A14: 驻场与响应能力 | B14: 应急保障能力 | C14: 应急场景下支撑资源和预案充分 | D14: 3 | E14: 应急预案充分、支撑资源明确得3分；一般得1-2分；较弱得0分。
... A25: 商务与文件质量 | B25: 文件规范性 | C25: 格式规范、表达正式、便于查阅 | D25: 2 | E25: 文件规范、查阅方便得2分；一般得1分；较弱得0分。
A26: 价格评分 | B26: 报价得分 | C26: 最低价折算法自动计分 | D26: 30 | E26: 价格部分采用公式法客观计分。最低有效报价者得满分30分，其他供应商按“最低有效报价/本供应商有效报价×30”自动折算。 | F26: =IFERROR(MIN($K$2:$M$2)/K2*30,0) -> 30 | G26: =IFERROR(MIN($K$2:$M$2)/L2*30,0) -> 25 | H26: =IFERROR(MIN($K$2:$M$2)/M2*30,0) -> 27.272727
A27: 合计 | D27: 100 | F27: =SUM(F2:F26) -> 30 | G27: =SUM(G2:G26) -> 25 | H27: =SUM(H2:H26) -> 27.272727

Sheet 汇总排名
A1: 项目类型 | B1: 供应商A | C1: 供应商B | D1: 供应商C | E1: 排名说明
A2: 定制开发项目总分 | B2: =定制开发评分!F35 -> 30 | C2: =定制开发评分!G35 -> 25 | D2: =定制开发评分!H35 -> 27.272727 | E2: 总分=定制开发评分页全部细项得分合计（含价格公式得分），满分100分。
A3: 驻场/运维项目总分 | B3: =驻场运维评分!F27 -> 30 | C3: =驻场运维评分!G27 -> 25 | D3: =驻场运维评分!H27 -> 27.272727 | E3: 总分=驻场运维评分页全部细项得分合计（含价格公式得分），满分100分。
A4: 定制开发权重 | B4: 50 | C4: 50 | D4: 50 | E4: 此处输入定制开发项目权重（百分比数值）。例如输入60，表示定制开发占60%。
A5: 驻场/运维权重 | B5: =100-B4 -> 50 | C5: =100-C4 -> 50 | D5: =100-D4 -> 50 | E5: 驻场/运维权重=100-定制开发权重；如需统一权重，仅修改B4-D4即可。
A6: 综合评审总分 | B6: =ROUND(B2*B4/100+B3*B5/100,2) -> 30 | C6: =ROUND(C2*C4/100+C3*C5/100,2) -> 25 | D6: =ROUND(D2*D4/100+D3*D5/100,2) -> 27.27 | E6: 综合评审总分=定制开发项目总分×定制开发权重+驻场/运维项目总分×驻场/运维权重，满分100分。
A7: 总分使用前提 | B7: 资格审查通过 | C7: 资格审查通过 | D7: 资格审查通过 | E7: 建议仅对资格审查结论为“通过”的供应商引用总分和排名；如资格不通过，应取消排序资格或单独标注。
A8: 综合评审排名 | B8: =IF(B7="资格审查通过",RANK(B6,$B$6:$D$6,0),"") -> 1 | C8: =IF(C7="资格审查通过",RANK(C6,$B$6:$D$6,0),"") -> 3 | D8: =IF(D7="资格审查通过",RANK(D6,$B$6:$D$6,0),"") -> 2 | E8: 按综合评审总分由高到低排名，分值相同则并列；建议作为最终推荐顺序的主要参考。
A9: 定制开发项目排名 | B9: =IF(B7="资格审查通过",RANK(B2,$B$2:$D$2,0),"") -> 1 | C9: =IF(C7="资格审查通过",RANK(C2,$B$2:$D$2,0),"") -> 3 | D9: =IF(D7="资格审查通过",RANK(D2,$B$2:$D$2,0),"") -> 2 | E9: 按定制开发项目总分由高到低排名，分值相同则并列。
A10: 驻场/运维项目排名 | B10: =IF(B7="资格审查通过",RANK(B3,$B$3:$D$3,0),"") -> 1 | C10: =IF(C7="资格审查通过",RANK(C3,$B$3:$D$3,0),"") -> 3 | D10: =IF(D7="资格审查通过",RANK(D3,$B$3:$D$3,0),"") -> 2 | E10: 按驻场/运维项目总分由高到低排名，分值相同则并列。
A12: 汇总规则说明
A13: 1. 各评分页分值结构已调整，总分上限为100分；评委录入的每项得分均不得超过该行D列分值。
A14: 2. 技术商务总分采用细项累加法；价格项按公式自动计算，最终单页总分满分100分。
A15: 3. 本页B4-D4可直接输入定制开发权重，系统将自动反算驻场/运维权重并实时更新综合评审总分。
A16: 4. 综合评审总分=定制开发项目总分×定制开发权重+驻场/运维项目总分×驻场/运维权重。
A17: 5. 如三家供应商采用相同权重，只需统一修改B4-D4为同一数值。
A18: 6. 本页B7-D7当前为提示位，正式使用时建议根据资格审查结果手工填写“资格审查通过”或“资格审查不通过”。
